CREATE TABLE `categorias` (
  `categoriaID` int(11) NOT NULL AUTO_INCREMENT,
  `categoria` varchar(255) DEFAULT NULL,
  PRIMARY KEY (`categoriaID`)
) ENGINE=InnoDB DEFAULT CHARSET=utf8mb4;


INSERT INTO categorias values (1,'Tapas y raciones');
INSERT INTO categorias values (2,'Entrantes');
INSERT INTO categorias values (3,'Pizzas');
INSERT INTO categorias values (4,'Platos internacionales');
INSERT INTO categorias values (5,'Bocadillos');
INSERT INTO categorias values (6,'Guarniciones');
INSERT INTO categorias values (7,'Carnes');
INSERT INTO categorias values (8,'Pescados');
INSERT INTO categorias values (9,'Postres');


CREATE TABLE `restaurantes` (
  `restauranteID` int(11) NOT NULL AUTO_INCREMENT,
  `restaurante` varchar(255) DEFAULT NULL,
  `barrio` varchar(80) DEFAULT NULL,
  PRIMARY KEY (`restauranteID`)
) ENGINE=InnoDB DEFAULT CHARSET=utf8mb4;


INSERT INTO restaurantes values (1,'Restaurante El comilón','Torrero');
INSERT INTO restaurantes values (2,'Bar-Restaurante Aragón','Delicias');
INSERT INTO restaurantes values (3,'Pizzería María','Centro');
INSERT INTO restaurantes values (4,'Bar-Restaurante Plaza','Centro');
INSERT INTO restaurantes values (5,'Restaurante los Olivos','Delicias');

CREATE TABLE `platos` (
  `platoID` int(11) NOT NULL AUTO_INCREMENT,
  `plato` varchar(255) DEFAULT NULL,
  `descripcion` text,
  `precio` float DEFAULT NULL,
  `categoriaID` int(11) DEFAULT NULL,
  `restauranteID` int(11) DEFAULT NULL,
  PRIMARY KEY (`platoID`),
  KEY `keycategoriaID` (`categoriaID`),
  KEY `keyrestauranteID` (`restauranteID`),
  CONSTRAINT `keycategoriaID` FOREIGN KEY (`categoriaID`) REFERENCES `categorias` (`categoriaID`) ON DELETE NO ACTION ON UPDATE NO ACTION,
  CONSTRAINT `keyrestauranteID` FOREIGN KEY (`restauranteID`) REFERENCES `restaurantes` (`restauranteID`) ON DELETE NO ACTION ON UPDATE NO ACTION
) ENGINE=InnoDB DEFAULT CHARSET=utf8mb4;

INSERT INTO platos values (1,'Ensalada de queso de cabra lechugas variadas frutos secos',null,7.5,2,1);
INSERT INTO platos values (2,'Croquetas de longaniza.',null,7,1,1);
INSERT INTO platos values (3,'Creps de jamón y queso',null,6,2,1);
INSERT INTO platos values (4,'Creps de boletus',null,6,2,1);
INSERT INTO platos values (5,'Creps de manzana y foie',null,6,2,1);
INSERT INTO platos values (6,'Pollo asado con patatas','2Kg Aproximadamente',14.5,7,1);
INSERT INTO platos values (7,'Costillas de cerdo y patatas','1,5 Kg aproximadamente',15,7,1);
INSERT INTO platos values (8,'Paletilla de ternasco entera con patatas','Una paletilla (1Kg aproximadamente)',22,7,1);
INSERT INTO platos values (9,'Gilda con salsa Espinaler.',null,3.5,1,2);
INSERT INTO platos values (10,'Las croquetas de la abuela','De lomo de la conserva, cebolla de Fuentes de Ebro y huevo eco',2.5,1,2);
INSERT INTO platos values (11,'Jamón DO Teruel al corte',null,9.5,1,2);
INSERT INTO platos values (12,'Plato de Los mejores Quesos',null,15,1,2);
INSERT INTO platos values (13,'La ensaladilla de bacalao ahumado, Jamon DO, harissa y limón kosho',null,9,2,2);
INSERT INTO platos values (14,'Tartar de salmón macerado, ciruela en salazón, pomelo y helado de mostaza.',null,12,2,2);
INSERT INTO platos values (15,'Royal de foie, esponja de manzana esperiega de Castielfabib y granada.',null,9.5,2,2);
INSERT INTO platos values (16,'Huevito con boletus a la crema y migas tostadas.',null,6,2,2);
INSERT INTO platos values (17,'Milhojas de guanciale, pimientos de cristal y patata de Torres.',null,9,2,2);
INSERT INTO platos values (18,'Cremoso de patata asada, pulpo y pato ahumado.',null,12,2,2);
INSERT INTO platos values (19,'Chipironcitos tostados en guiso de careta de cerdo oreada, miel y avellanas.',null,9,2,2);
INSERT INTO platos values (20,'Arroz cremoso de calabaza, sobrasada anisada y queso viejo.',null,9,2,2);
INSERT INTO platos values (21,'Terrina melosa y crujiente de carrillera, manitas y foie con jugo de manzanilla silvestre al palo cortado.',null,9.5,7,2);
INSERT INTO platos values (22,'Canelón de caza mayor y foie con salsa bordalesa clásica.',null,8,7,2);
INSERT INTO platos values (23,'Jarrete de ternasco lacado con guisote de espelta Km0, tomillo limón, mejorana y mostaza de pasas.',null,15.5,7,2);
INSERT INTO platos values (24,'Cremat de vainilla Planifolia mejicana, borrachitos de ron de caña y nuez',null,5,9,2);
INSERT INTO platos values (25,'Pan dormido tostado en sartén con pasión y cacao.',null,5,9,2);
INSERT INTO platos values (26,'Tartita de queso al momento con helado de tomillo.',null,6,9,2);
INSERT INTO platos values (27,'Chocolate ruby asado al Bourbon, crema helada de caramelo y flor de sal.',null,6,9,2);
INSERT INTO platos values (28,'Bravas',null,4.5,1,2);
INSERT INTO platos values (29,'Rabas de calamar',null,5,1,2);
INSERT INTO platos values (30,'Anillas de calamar',null,5,1,3);
INSERT INTO platos values (31,'Sepia rebozada',null,4.5,1,3);
INSERT INTO platos values (32,'Tortilla de patata (entera)',null,5.8,1,3);
INSERT INTO platos values (33,'Gambas al ajillo',null,6,1,3);
INSERT INTO platos values (34,'Perrito caliente',null,3,1,3);
INSERT INTO platos values (35,'Huevos Moll',null,4.5,1,3);
INSERT INTO platos values (36,'Alitas picantes',null,4.5,1,3);
INSERT INTO platos values (37,'Callos',null,4,1,3);
INSERT INTO platos values (38,'Queso Brie y Camembert con mermelada de arándanos',null,4,1,3);
INSERT INTO platos values (39,'Plato de queso y chorizo',null,4.5,1,3);
INSERT INTO platos values (40,'Plato de queso y longaniza',null,4.5,1,3);
INSERT INTO platos values (41,'Plato de queso curado',null,4,1,3);
INSERT INTO platos values (42,'Boquerón en vinagre',null,4,1,3);
INSERT INTO platos values (43,'Anchoas',null,5,1,3);
INSERT INTO platos values (44,'Aros de cebolla',null,3.5,1,3);
INSERT INTO platos values (45,'Langostino en pasta filo (unidad)',null,1,1,3);
INSERT INTO platos values (46,'Saquitos de bogavante',null,3.5,1,3);
INSERT INTO platos values (47,'Carrilleras al vino tinto',null,6,1,3);
INSERT INTO platos values (48,'Txistorra frita',null,3.5,1,3);
INSERT INTO platos values (49,'Txistorra a la Navarra',null,4.5,1,3);
INSERT INTO platos values (50,'Verduritas en tempura a la miel',null,4.5,1,3);
INSERT INTO platos values (51,'Espárragos',null,6.2,1,3);
INSERT INTO platos values (52,'Tortitas de camarón',null,4,1,3);
INSERT INTO platos values (53,'Pulpo a feira',null,12,1,3);
INSERT INTO platos values (54,'Nubes de pollo',null,4,1,3);
INSERT INTO platos values (55,'Gambón rebozado (unidad)',null,1,1,3);
INSERT INTO platos values (56,'Croqueta de setas (unidad)',null,0.7,1,3);
INSERT INTO platos values (57,'Croqueta de cocido (unidad)',null,0.7,1,3);
INSERT INTO platos values (58,'Croqueta de ibérico (unidad)',null,0.7,1,3);
INSERT INTO platos values (59,'Jalapeños (6 unidades)',null,5,1,3);
INSERT INTO platos values (60,'Lata de berberechos',null,4.1,1,3);
INSERT INTO platos values (61,'Lata de Mejillón',null,4.1,1,3);
INSERT INTO platos values (62,'Lata de Navajuelas',null,3,1,3);
INSERT INTO platos values (63,'Lata de sardinillas',null,2.5,1,3);
INSERT INTO platos values (64,'Lasaña',null,6,2,3);
INSERT INTO platos values (65,'Canelones',null,6,2,3);
INSERT INTO platos values (66,'Mousaka',null,6,2,3);
INSERT INTO platos values (67,'Pizza Margarita','tomate, queso, orégano, olivas negras',7,4,3);
INSERT INTO platos values (68,'Pizza Romana','tomate, queso, jamón york, olivas negras, orégano',7.5,4,3);
INSERT INTO platos values (69,'Pizza Tropical','tomate, queso, jamón york, piña, orégano, salsa agridulce',8,4,3);
INSERT INTO platos values (70,'Pizza Diablo','tomate, queso, jamón york, guindilla, orégano, salsa picante, olivas',7.8,4,3);
INSERT INTO platos values (71,'Pizza Atún','tomate, queso, atún, olivas verdes, pimiento morrón, orégano',8.2,4,3);
INSERT INTO platos values (72,'Pizza Boloñesa','tomate, queso, salsa boloñesa, huevo (sólo invierno)',7.5,4,3);
INSERT INTO platos values (73,'Pizza 3 Quesos','tomate, queso mozzarella, queso semicurado, queso roquefort, orégano',8.2,4,3);
INSERT INTO platos values (74,'Pizza Campera','tomate, queso, orégano, bacon, cebolla, roquefort',8.5,4,3);
INSERT INTO platos values (75,'Pizza Carbonara','tomate, queso, S.carbonara, bacon, huevo (sólo invierno),orégano, pimienta',8.2,4,3);
INSERT INTO platos values (76,'Pizza de Queso de Cabra','tomate, queso, york, queso cabra,pimiento, olivas, alcaparras, mermelada tomate',8.5,4,3);
INSERT INTO platos values (77,'Pizza Champiñón','tomate, queso, jamón york, champiñón, cebolla, olivas, pimiento, orégano',8.5,4,3);
INSERT INTO platos values (78,'Pizza Barbacoa','tomate, queso, carne picada, bacon, salsa barbacoa, orégano',8.2,4,3);
INSERT INTO platos values (79,'Pizza Serrana','tomate, queso, jamón serrano, queso brie, tomate cherry, mermelada tomate',8.5,4,3);
INSERT INTO platos values (80,'Pizza Napoli','tomate, queso, jamón york, anchoas, pimiento morrón, olivas',8.2,4,3);
INSERT INTO platos values (81,'Pizza Vegetal con queso de cabra','tomate, queso, espinaca, calabacín, berenjena, Cherry, cabra',8.2,4,3);
INSERT INTO platos values (82,'Montaditos de Jamón D.O. ',null,1.95,1,4);
INSERT INTO platos values (83,'Montaditos de Sardina ahumada',null,1.95,1,4);
INSERT INTO platos values (84,'Montaditos de Salmón marinado',null,2.9,1,4);
INSERT INTO platos values (85,'Montaditos de anchoas',null,2.4,1,4);
INSERT INTO platos values (86,'Montaditos de queso curado',null,2.4,1,4);
INSERT INTO platos values (87,'Montaditos de Setas',null,2.4,1,4);
INSERT INTO platos values (88,'Montaditos de Queso y sobrasada',null,2.4,1,4);
INSERT INTO platos values (89,'Montaditos de jamón dulce, queso y trigueros',null,2.4,1,4);
INSERT INTO platos values (90,'Jamón con chorreras','Jamón dulce, huevo duro y queso (1u.)',2.9,1,4);
INSERT INTO platos values (91,'Anchoas del Cantábrico',null,7.6,1,4);
INSERT INTO platos values (92,'Bravas picantes',null,6,1,4);
INSERT INTO platos values (93,'Torreznos',null,6,1,4);
INSERT INTO platos values (94,'Croquetón de sepia en tinta','Con alioli de soja gratinado (2 unidades)',6.6,1,4);
INSERT INTO platos values (95,'Boquerones en vinagre caseros',null,6.4,1,4);
INSERT INTO platos values (96,'Tortilla especial del día','porción de tortilla del día',4.5,1,4);
INSERT INTO platos values (97,'Completo de tapas','mejillones en escabeche, calamares rellenos en aceite, piquillos, anchoas en aceite, espárragos blancos, olivas rellenas, boquerones caseros en vinagre y piparras dulces',8,1,4);
INSERT INTO platos values (98,'Pincho de gamba','huevo de codorniz, langostino cocido y oliva rellena',2.5,1,4);
INSERT INTO platos values (99,'Gilda','olivas rellenas, anchoas en aceite y piparras',1.3,1,4);
INSERT INTO platos values (100,'Pincho de champiñón y gamba',null,2.5,1,4);
INSERT INTO platos values (101,'Provolone',null,6,1,4);
INSERT INTO platos values (102,'Ensalada flor','endivias, variedad de verdes, manzana, nueces y salsa roquefort',8,2,4);
INSERT INTO platos values (103,'Ensalada burrata','tomate cherry confitado y burrata',8.8,2,4);
INSERT INTO platos values (104,'Ensalada jamón','variedad de verdes, cebolla caramelizada, virutasa de foie y jamón crujiente',9.1,2,4);
INSERT INTO platos values (105,'Hamburguesa serranita','carne picada de cerdo adobada en pan de mollete con queso chedar, tomate, pepinillo, jamón serrano y mayonesa de soja',10.9,7,4);
INSERT INTO platos values (106,'Tartar de Longaniza','conserva',7.6,7,4);
INSERT INTO platos values (107,'Surtido ibérico frito','Lomo adobado, morcilla de arroz, longaniza fresca, costilla adobada y chorizo',11.9,1,4);
INSERT INTO platos values (108,'Surtido de embutidos de la Sierra','Jamón de teruel D.O.P. Sierra, lomo embuchado, mortadela, longaniza y queso',12.9,1,4);
INSERT INTO platos values (109,'Carpaccio de panceta','acompañado de tostadas y mermelada de tomate',7.9,1,4);
INSERT INTO platos values (110,'Plato de jamón','plato de jamón D.O.P Sierra cortado a mano',12.9,1,4);
INSERT INTO platos values (111,'Plato de queso','quesos variados',13.9,1,4);
INSERT INTO platos values (112,'Carrot Cake','con butter cream',4.8,9,4);
INSERT INTO platos values (113,'Tarta de queso','con pimienta de sichuan y coulis de frambuesa',4.8,9,4);
INSERT INTO platos values (114,'Pan con chocolate, aceite y sal',null,3.5,9,4);
INSERT INTO platos values (115,'Sopa de cocido',null,5.9,2,4);
INSERT INTO platos values (116,'Fritada con huevo escalfado',null,6,2,4);
INSERT INTO platos values (117,'Sepia a la plancha',null,9,8,4);
INSERT INTO platos values (118,'Macarrones con tomate, chorizo y jamón',null,5.9,2,4);
INSERT INTO platos values (119,'Macarrones con nata, champiñones y bacon',null,5.9,2,4);
INSERT INTO platos values (120,'Manitas deshuesadas con chorizo',null,6.9,7,4);
INSERT INTO platos values (121,'Fricandó de ternera con salsa de setas',null,10.5,7,4);
INSERT INTO platos values (122,'Muslitos de codorniz escabechados',null,10.9,7,4);
INSERT INTO platos values (123,'Lomos de bacalao con tomate y pimientos',null,11.5,8,4);
INSERT INTO platos values (124,'Mejillones gallegos a la marinera',null,8,8,4);
INSERT INTO platos values (125,'Bocadillo de Jamón de Teruel',null,4.5,5,4);
INSERT INTO platos values (126,'Bocadillo de Lomo embuchado',null,3.9,5,4);
INSERT INTO platos values (127,'Bocadillo de Atún, anchoas, olivas y pimiento',null,4,5,4);
INSERT INTO platos values (128,'Bocadillo de Bacon con queso',null,4.25,5,4);
INSERT INTO platos values (129,'Bocadillo de Tortilla del día',null,4,5,4);
INSERT INTO platos values (130,'Bocadillo de Pollo con queso y cebolla caramelizada',null,4.6,5,4);
INSERT INTO platos values (131,'Bocadillo de Filete de ternera con queso y pimiento verde',null,5.1,5,4);
INSERT INTO platos values (132,'Bombón de morcilla','',2.8,1,5);
INSERT INTO platos values (133,'Tosta de escalivada con sardina ahumada',null,4,1,5);
INSERT INTO platos values (134,'Piruletas de morcilla','con mermelada de tomate y albahaca',6,1,5);
INSERT INTO platos values (135,'Bravas','salsa casera picante y mayonesa.salsa casera picante y mayonesa.',6.5,1,5);
INSERT INTO platos values (136,'Croquetas (6 ud)','de rabo de toro, de jamón, de setas, de cocido, de bacalao y de atún y piquillos.',6.5,1,5);
INSERT INTO platos values (137,'Oreja',null,7,1,5);
INSERT INTO platos values (138,'Tempura melosa de verduritas y queso de cabra',null,7.5,1,5);
INSERT INTO platos values (139,'Queso estilo camembert gratinado',null,12,1,5);
INSERT INTO platos values (140,'Tabla de queso','de la Sierra (leche cruda de oveja, oveja al romero, de oveja al vino tinto), de Hontanar con trufa negra, con nueces, mermelada de higos y aceite de oliva del Bajo Aragón.',16,1,5);
INSERT INTO platos values (141,'Ensalada de tallarines de calabacín','frambuesas, chips de piña y mango, frutos secos, salsa ligera de soja caramelizada y sésamo.',11.5,2,5);
INSERT INTO platos values (142,'Ensalada de quinoa, rúcula y mango fresco','rúcula, espinaca fresca, mango, aguacate, anacardos, cebolla morada y vinagreta de aceite de sésamo, soja, miel y cayena.',12,2,5);
INSERT INTO platos values (143,'Ensalada tibia de kebab','brotes tiernos, salteado de carne de kebab, picatostes crujientes de pan, salsa de yogurt.',11.5,2,5);
INSERT INTO platos values (144,'Sopa de cebolla','con huevo, emmental y pan frito.',7,2,5);
INSERT INTO platos values (145,'Crema de setas','con huevo mollet y picatostes de pan de semillas',7,2,5);
INSERT INTO platos values (146,'Crema de borraja','con perlitas de soja y mozzarella.',7,2,5);
INSERT INTO platos values (147,'Fideos al wok','de trigo, con verduras, gambas y langostinos.',10.5,2,5);
INSERT INTO platos values (148,'Longaniza en salsa de vermú',null,6.5,7,5);
INSERT INTO platos values (149,'Pollo crujiente','con mojos, de mostaza y miel y salsa ligera picante.',9.5,7,5);
INSERT INTO platos values (150,'Pulpo','con patata parmentier.',13,8,5);
INSERT INTO platos values (151,'Costillas','asadas con salsa especial de la casa y patatas fritas crujientes.',13.5,7,5);
INSERT INTO platos values (152,'Rabo de toro','en dos cocciones, con patatas.',16,7,5);
INSERT INTO platos values (153,'Flan de queso','casero con nueces.',4,9,5);
INSERT INTO platos values (154,'Brownie','casero con helado de vainilla.',4.5,9,5);
INSERT INTO platos values (155,'Crema de chocolate belga','artesanos de leche de oveja',4.5,9,5);
INSERT INTO platos values (156,'Arroz con leche','artesanos de leche de oveja',4.5,9,5);


CREATE TABLE `clientes` (
  `clienteID` int(11) NOT NULL AUTO_INCREMENT,
  `nombre` varchar(45) DEFAULT NULL,
  `apellido1` varchar(45) DEFAULT NULL,
  `apellido2` varchar(45) DEFAULT NULL,
  `sexo` enum('H','M') DEFAULT NULL,
  `poblacion` varchar(45) DEFAULT NULL,
  PRIMARY KEY (`clienteID`)
) ENGINE=InnoDB DEFAULT CHARSET=utf8mb4;

INSERT INTO clientes values (1,'Paula','Herrero','Pérez','M','Zaragoza');
INSERT INTO clientes values (2,'Marcos','Martín','Catellar','H','Utebo');
INSERT INTO clientes values (3,'Alicia','Aliaga','Asín','M','Zaragoza');
INSERT INTO clientes values (4,'Andrés','Albués','Martínez','H','Zaragoza');
INSERT INTO clientes values (5,'Yoana','Gerrero','Lombas','M','Zaragoza');
INSERT INTO clientes values (6,'Claudia','Ros','Domínguez','M','Cuarte');
INSERT INTO clientes values (7,'Elena','Torres','Herrero','M','Cadrete');
INSERT INTO clientes values (8,'María','Moreno','Mombiela','M','Muel');
INSERT INTO clientes values (9,'Marcos','Arilla','Pérez','H','Zaragoza');
INSERT INTO clientes values (10,'Daniel','Martínez','Estella','H','Zaragoza');
INSERT INTO clientes values (11,'David','Paz','León','H','Zaragoza');
INSERT INTO clientes values (12,'Ana','Álvarez','Martín','M','Zaragoza');
INSERT INTO clientes values (13,'Juan','Pérez','López','H','Huesca');
INSERT INTO clientes values (14,'Alicia','López','Miranda','M','Cadrete');
INSERT INTO clientes values (15,'Elena','Castillo','Martínez','M','Villanueva');
INSERT INTO clientes values (16,'María','Vereda','Triana','M','Zaragoza');
INSERT INTO clientes values (17,'Cristina','Abril','Antón','M','Alfajarín');
INSERT INTO clientes values (18,'Juan','Martín','Marco','H','Zaragoza');
INSERT INTO clientes values (19,'Víctor','Ciprés','Correa','H','Zaragoza');
INSERT INTO clientes values (20,'Alicia','Ruiz','Andrés','M','El Burgo de Ebro');
INSERT INTO clientes values (21,'Ariadna','Martínez','Martínez','M','Zaragoza');
INSERT INTO clientes values (22,'Adriana','Meléndez','Domingo','M','Zaragoza');
INSERT INTO clientes values (23,'Daniel','Ruiz','Álvarez','H','Utebo');
INSERT INTO clientes values (24,'Juan','Pérez','Herrero','H','Utebo');
INSERT INTO clientes values (25,'José','López','Soria','H','Zaragoza');
INSERT INTO clientes values (26,'Miguel','Domingo','Castillo','H','Zaragoza');
INSERT INTO clientes values (27,'Andrés','Aliaga','Torres','H','Zaragoza');
INSERT INTO clientes values (28,'Leocadio','Marco','Casas','H','Utebo');
INSERT INTO clientes values (29,'Martín','Herrero','Castillo','H','Cuarte');
INSERT INTO clientes values (30, 'Ana', 'Marco', 'Alexandre', 'M', 'Zaragoza');



CREATE TABLE `pedidos` (
  `pedidoID` int(11) NOT NULL AUTO_INCREMENT,
  `clienteID` int(11) NOT NULL,
  `fecha` date DEFAULT NULL,
  `restauranteID` int(11) NOT NULL,
  PRIMARY KEY (`pedidoID`),
  KEY `keycliente` (`clienteID`),
  KEY `keyrestaurante` (`restauranteID`),
  CONSTRAINT `keycliente` FOREIGN KEY (`clienteID`) REFERENCES `clientes` (`clienteID`) ON DELETE NO ACTION ON UPDATE NO ACTION,
  CONSTRAINT `keyrestaurante` FOREIGN KEY (`restauranteID`) REFERENCES `restaurantes` (`restauranteID`) ON DELETE NO ACTION ON UPDATE NO ACTION
) ENGINE=InnoDB DEFAULT CHARSET=utf8mb4;


INSERT INTO pedidos VALUES (1,1,'2024-01-02',1);
INSERT INTO pedidos VALUES (2,15,'2024-01-02',2);
INSERT INTO pedidos VALUES (3,29,'2024-01-02',1);
INSERT INTO pedidos VALUES (4,14,'2024-01-02',1);
INSERT INTO pedidos VALUES (5,12,'2024-01-02',2);
INSERT INTO pedidos VALUES (6,17,'2024-01-02',4);
INSERT INTO pedidos VALUES (7,8,'2024-01-02',5);
INSERT INTO pedidos VALUES (8,7,'2024-01-02',3);
INSERT INTO pedidos VALUES (9,1,'2024-01-03',3);
INSERT INTO pedidos VALUES (10,12,'2024-01-03',2);
INSERT INTO pedidos VALUES (11,22,'2024-01-03',2);
INSERT INTO pedidos VALUES (12,7,'2024-01-03',1);
INSERT INTO pedidos VALUES (13,27,'2024-01-03',4);
INSERT INTO pedidos VALUES (14,5,'2024-01-03',5);
INSERT INTO pedidos VALUES (15,10,'2024-01-03',5);
INSERT INTO pedidos VALUES (16,12,'2024-01-03',5);
INSERT INTO pedidos VALUES (17,13,'2024-01-03',5);
INSERT INTO pedidos VALUES (18,23,'2024-01-03',4);
INSERT INTO pedidos VALUES (19,7,'2024-01-03',3);
INSERT INTO pedidos VALUES (20,10,'2024-01-03',2);
INSERT INTO pedidos VALUES (21,28,'2024-01-03',3);
INSERT INTO pedidos VALUES (22,4,'2024-01-03',4);
INSERT INTO pedidos VALUES (23,7,'2024-01-03',5);
INSERT INTO pedidos VALUES (24,12,'2024-01-03',3);
INSERT INTO pedidos VALUES (25,17,'2024-01-03',2);
INSERT INTO pedidos VALUES (26,13,'2024-01-03',2);
INSERT INTO pedidos VALUES (27,2,'2024-01-03',1);
INSERT INTO pedidos VALUES (28,12,'2024-01-04',1);
INSERT INTO pedidos VALUES (29,26,'2024-01-04',3);
INSERT INTO pedidos VALUES (30,18,'2024-01-04',4);
INSERT INTO pedidos VALUES (31,30,'2024-01-04',5);
INSERT INTO pedidos VALUES (32,30,'2024-01-04',5);
INSERT INTO pedidos VALUES (33,30,'2024-01-04',4);
INSERT INTO pedidos VALUES (34,22,'2024-01-04',3);
INSERT INTO pedidos VALUES (35,14,'2024-01-04',3);
INSERT INTO pedidos VALUES (36,2,'2024-01-04',3);
INSERT INTO pedidos VALUES (37,29,'2024-01-07',2);
INSERT INTO pedidos VALUES (38,2,'2024-01-07',2);
INSERT INTO pedidos VALUES (39,23,'2024-01-07',2);
INSERT INTO pedidos VALUES (40,24,'2024-01-07',1);
INSERT INTO pedidos VALUES (41,19,'2024-01-07',3);
INSERT INTO pedidos VALUES (42,25,'2024-01-07',4);
INSERT INTO pedidos VALUES (43,2,'2024-01-07',5);
INSERT INTO pedidos VALUES (44,7,'2024-01-07',4);
INSERT INTO pedidos VALUES (45,7,'2024-01-07',4);
INSERT INTO pedidos VALUES (46,29,'2024-01-07',3);
INSERT INTO pedidos VALUES (47,22,'2024-01-08',2);
INSERT INTO pedidos VALUES (48,26,'2024-01-08',2);
INSERT INTO pedidos VALUES (49,21,'2024-01-08',1);
INSERT INTO pedidos VALUES (50,10,'2024-01-09',1);
INSERT INTO pedidos VALUES (51,7,'2024-01-09',2);
INSERT INTO pedidos VALUES (52,30,'2024-01-09',4);
INSERT INTO pedidos VALUES (53,16,'2024-01-09',5);
INSERT INTO pedidos VALUES (54,5,'2024-01-09',4);
INSERT INTO pedidos VALUES (55,24,'2024-01-10',3);
INSERT INTO pedidos VALUES (56,6,'2024-01-10',3);
INSERT INTO pedidos VALUES (57,7,'2024-01-10',2);
INSERT INTO pedidos VALUES (58,12,'2024-01-11',2);
INSERT INTO pedidos VALUES (59,7,'2024-01-11',1);
INSERT INTO pedidos VALUES (60,13,'2024-01-11',1);
INSERT INTO pedidos VALUES (61,20,'2024-01-11',1);
INSERT INTO pedidos VALUES (62,11,'2024-01-11',3);
INSERT INTO pedidos VALUES (63,19,'2024-01-11',4);
INSERT INTO pedidos VALUES (64,21,'2024-01-11',5);
INSERT INTO pedidos VALUES (65,19,'2024-01-11',5);
INSERT INTO pedidos VALUES (66,7,'2024-01-11',5);
INSERT INTO pedidos VALUES (67,19,'2024-01-12',4);
INSERT INTO pedidos VALUES (68,6,'2024-01-12',3);
INSERT INTO pedidos VALUES (69,20,'2024-01-12',3);
INSERT INTO pedidos VALUES (70,23,'2024-01-12',2);
INSERT INTO pedidos VALUES (71,6,'2024-01-13',2);
INSERT INTO pedidos VALUES (72,27,'2024-01-13',1);
INSERT INTO pedidos VALUES (73,26,'2024-01-13',1);
INSERT INTO pedidos VALUES (74,26,'2024-01-13',2);
INSERT INTO pedidos VALUES (75,11,'2024-01-13',3);
INSERT INTO pedidos VALUES (76,2,'2024-01-13',4);
INSERT INTO pedidos VALUES (77,25,'2024-01-13',4);
INSERT INTO pedidos VALUES (78,5,'2024-01-14',5);
INSERT INTO pedidos VALUES (79,4,'2024-01-14',4);
INSERT INTO pedidos VALUES (80,11,'2024-01-14',3);
INSERT INTO pedidos VALUES (81,12,'2024-01-14',3);
INSERT INTO pedidos VALUES (82,1,'2024-01-14',3);
INSERT INTO pedidos VALUES (83,9,'2024-01-14',2);
INSERT INTO pedidos VALUES (84,28,'2024-01-14',2);
INSERT INTO pedidos VALUES (85,16,'2024-01-14',1);
INSERT INTO pedidos VALUES (86,17,'2024-01-14',1);
INSERT INTO pedidos VALUES (87,28,'2024-01-14',4);
INSERT INTO pedidos VALUES (88,19,'2024-01-14',3);
INSERT INTO pedidos VALUES (89,3,'2024-01-14',2);
INSERT INTO pedidos VALUES (90,19,'2024-01-14',5);
INSERT INTO pedidos VALUES (91,18,'2024-01-14',3);
INSERT INTO pedidos VALUES (92,30,'2024-01-14',2);
INSERT INTO pedidos VALUES (93,14,'2024-01-14',1);
INSERT INTO pedidos VALUES (94,3,'2024-01-15',2);
INSERT INTO pedidos VALUES (95,20,'2024-01-15',3);
INSERT INTO pedidos VALUES (96,15,'2024-01-15',3);
INSERT INTO pedidos VALUES (97,10,'2024-01-15',4);
INSERT INTO pedidos VALUES (98,19,'2024-01-15',5);
INSERT INTO pedidos VALUES (99,12,'2024-01-15',5);
INSERT INTO pedidos VALUES (100,26,'2024-01-15',3);
INSERT INTO pedidos VALUES (101,18,'2024-01-15',3);
INSERT INTO pedidos VALUES (102,18,'2024-01-15',2);
INSERT INTO pedidos VALUES (103,6,'2024-01-15',2);
INSERT INTO pedidos VALUES (104,8,'2024-01-15',1);
INSERT INTO pedidos VALUES (105,20,'2024-01-15',1);
INSERT INTO pedidos VALUES (106,26,'2024-01-15',2);
INSERT INTO pedidos VALUES (107,21,'2024-01-15',3);
INSERT INTO pedidos VALUES (108,13,'2024-01-15',5);
INSERT INTO pedidos VALUES (109,3,'2024-01-15',4);
INSERT INTO pedidos VALUES (110,28,'2024-01-15',4);
INSERT INTO pedidos VALUES (111,5,'2024-01-16',3);
INSERT INTO pedidos VALUES (112,19,'2024-01-16',2);
INSERT INTO pedidos VALUES (113,4,'2024-01-16',2);
INSERT INTO pedidos VALUES (114,23,'2024-01-16',1);
INSERT INTO pedidos VALUES (115,16,'2024-01-16',1);
INSERT INTO pedidos VALUES (116,13,'2024-01-16',2);
INSERT INTO pedidos VALUES (117,30,'2024-01-16',4);
INSERT INTO pedidos VALUES (118,10,'2024-01-16',5);
INSERT INTO pedidos VALUES (119,19,'2024-01-16',4);
INSERT INTO pedidos VALUES (120,1,'2024-01-16',3);
INSERT INTO pedidos VALUES (121,16,'2024-01-16',3);
INSERT INTO pedidos VALUES (122,10,'2024-01-16',2);
INSERT INTO pedidos VALUES (123,13,'2024-01-16',2);
INSERT INTO pedidos VALUES (124,21,'2024-01-16',1);
INSERT INTO pedidos VALUES (125,30,'2024-01-16',1);
INSERT INTO pedidos VALUES (126,20,'2024-01-17',1);
INSERT INTO pedidos VALUES (127,9,'2024-01-17',3);
INSERT INTO pedidos VALUES (128,5,'2024-01-17',4);
INSERT INTO pedidos VALUES (129,1,'2024-01-17',5);
INSERT INTO pedidos VALUES (130,10,'2024-01-17',5);
INSERT INTO pedidos VALUES (131,13,'2024-01-17',5);
INSERT INTO pedidos VALUES (132,28,'2024-01-17',4);
INSERT INTO pedidos VALUES (133,7,'2024-01-17',3);
INSERT INTO pedidos VALUES (134,3,'2024-01-17',3);
INSERT INTO pedidos VALUES (135,13,'2024-01-17',2);
INSERT INTO pedidos VALUES (136,3,'2024-01-17',2);
INSERT INTO pedidos VALUES (137,23,'2024-01-17',1);
INSERT INTO pedidos VALUES (138,4,'2024-01-17',1);
INSERT INTO pedidos VALUES (139,2,'2024-01-17',2);
INSERT INTO pedidos VALUES (140,2,'2024-01-17',3);
INSERT INTO pedidos VALUES (141,25,'2024-01-17',4);
INSERT INTO pedidos VALUES (142,26,'2024-01-17',4);
INSERT INTO pedidos VALUES (143,17,'2024-01-17',5);
INSERT INTO pedidos VALUES (144,7,'2024-01-17',4);
INSERT INTO pedidos VALUES (145,26,'2024-01-18',3);
INSERT INTO pedidos VALUES (146,12,'2024-01-18',3);
INSERT INTO pedidos VALUES (147,21,'2024-01-18',3);
INSERT INTO pedidos VALUES (148,17,'2024-01-18',2);
INSERT INTO pedidos VALUES (149,30,'2024-01-18',2);
INSERT INTO pedidos VALUES (150,23,'2024-01-18',1);
INSERT INTO pedidos VALUES (151,20,'2024-01-18',1);
INSERT INTO pedidos VALUES (152,30,'2024-01-18',4);
INSERT INTO pedidos VALUES (153,11,'2024-01-18',3);
INSERT INTO pedidos VALUES (154,2,'2024-01-18',2);
INSERT INTO pedidos VALUES (155,4,'2024-01-18',5);
INSERT INTO pedidos VALUES (156,2,'2024-01-18',3);
INSERT INTO pedidos VALUES (157,15,'2024-01-18',2);
INSERT INTO pedidos VALUES (158,3,'2024-01-18',1);
INSERT INTO pedidos VALUES (159,1,'2024-01-19',2);
INSERT INTO pedidos VALUES (160,8,'2024-01-19',3);
INSERT INTO pedidos VALUES (161,11,'2024-01-19',3);
INSERT INTO pedidos VALUES (162,18,'2024-01-19',4);
INSERT INTO pedidos VALUES (163,10,'2024-01-19',5);
INSERT INTO pedidos VALUES (164,17,'2024-01-19',5);
INSERT INTO pedidos VALUES (165,2,'2024-01-19',3);
INSERT INTO pedidos VALUES (166,21,'2024-01-19',3);
INSERT INTO pedidos VALUES (167,13,'2024-01-19',2);
INSERT INTO pedidos VALUES (168,11,'2024-01-19',2);
INSERT INTO pedidos VALUES (169,15,'2024-01-19',1);
INSERT INTO pedidos VALUES (170,7,'2024-01-19',1);
INSERT INTO pedidos VALUES (171,3,'2024-01-20',2);
INSERT INTO pedidos VALUES (172,18,'2024-01-20',3);
INSERT INTO pedidos VALUES (173,27,'2024-01-20',5);
INSERT INTO pedidos VALUES (174,7,'2024-01-20',4);
INSERT INTO pedidos VALUES (175,25,'2024-01-20',4);
INSERT INTO pedidos VALUES (176,15,'2024-01-20',3);
INSERT INTO pedidos VALUES (177,5,'2024-01-20',2);
INSERT INTO pedidos VALUES (178,14,'2024-01-20',2);
INSERT INTO pedidos VALUES (179,6,'2024-01-20',1);
INSERT INTO pedidos VALUES (180,29,'2024-01-20',1);
INSERT INTO pedidos VALUES (181,22,'2024-01-20',2);
INSERT INTO pedidos VALUES (182,22,'2024-01-20',4);
INSERT INTO pedidos VALUES (183,4,'2024-01-20',5);
INSERT INTO pedidos VALUES (184,8,'2024-01-20',4);
INSERT INTO pedidos VALUES (185,7,'2024-01-20',3);
INSERT INTO pedidos VALUES (186,3,'2024-01-20',3);
INSERT INTO pedidos VALUES (187,13,'2024-01-20',2);
INSERT INTO pedidos VALUES (188,16,'2024-01-20',2);
INSERT INTO pedidos VALUES (189,10,'2024-01-20',1);
INSERT INTO pedidos VALUES (190,22,'2024-01-20',1);
INSERT INTO pedidos VALUES (191,18,'2024-01-20',1);
INSERT INTO pedidos VALUES (192,30,'2024-01-20',3);
INSERT INTO pedidos VALUES (193,15,'2024-01-20',4);
INSERT INTO pedidos VALUES (194,3,'2024-01-20',5);
INSERT INTO pedidos VALUES (195,10,'2024-01-20',5);
INSERT INTO pedidos VALUES (196,20,'2024-01-20',5);
INSERT INTO pedidos VALUES (197,5,'2024-01-20',4);
INSERT INTO pedidos VALUES (198,22,'2024-01-20',3);
INSERT INTO pedidos VALUES (199,25,'2024-01-20',3);




CREATE TABLE platospedidos (
  `pedidoID` INT NOT NULL,
  `platoID` INT NOT NULL,
  `cantidad` TINYINT NULL,
  PRIMARY KEY (`pedidoID`, `platoID`),
  CONSTRAINT `key1`
    FOREIGN KEY (`platoID`)
    REFERENCES `restaurante`.`platos` (`platoID`)
    ON DELETE NO ACTION
    ON UPDATE NO ACTION,
  CONSTRAINT `key2`
    FOREIGN KEY (`pedidoID`)
    REFERENCES `restaurante`.`pedidos` (`pedidoID`)
    ON DELETE NO ACTION
    ON UPDATE NO ACTION);


INSERT INTO platospedidos VALUES (1,5,4);
INSERT INTO platospedidos VALUES (3,4,3);
INSERT INTO platospedidos VALUES (4,1,3);
INSERT INTO platospedidos VALUES (12,1,3);
INSERT INTO platospedidos VALUES (27,5,1);
INSERT INTO platospedidos VALUES (28,1,3);
INSERT INTO platospedidos VALUES (40,8,1);
INSERT INTO platospedidos VALUES (49,1,3);
INSERT INTO platospedidos VALUES (50,8,2);
INSERT INTO platospedidos VALUES (59,7,1);
INSERT INTO platospedidos VALUES (60,4,2);
INSERT INTO platospedidos VALUES (61,2,1);
INSERT INTO platospedidos VALUES (72,5,3);
INSERT INTO platospedidos VALUES (73,4,4);
INSERT INTO platospedidos VALUES (85,5,1);
INSERT INTO platospedidos VALUES (86,4,2);
INSERT INTO platospedidos VALUES (93,6,4);
INSERT INTO platospedidos VALUES (104,2,4);
INSERT INTO platospedidos VALUES (105,6,4);
INSERT INTO platospedidos VALUES (114,1,4);
INSERT INTO platospedidos VALUES (115,5,4);
INSERT INTO platospedidos VALUES (124,8,1);
INSERT INTO platospedidos VALUES (125,4,3);
INSERT INTO platospedidos VALUES (126,7,1);
INSERT INTO platospedidos VALUES (137,5,1);
INSERT INTO platospedidos VALUES (138,5,2);
INSERT INTO platospedidos VALUES (150,3,3);
INSERT INTO platospedidos VALUES (151,1,4);
INSERT INTO platospedidos VALUES (158,2,2);
INSERT INTO platospedidos VALUES (169,3,1);
INSERT INTO platospedidos VALUES (170,2,4);
INSERT INTO platospedidos VALUES (179,5,3);
INSERT INTO platospedidos VALUES (180,4,1);
INSERT INTO platospedidos VALUES (189,1,1);
INSERT INTO platospedidos VALUES (190,2,3);
INSERT INTO platospedidos VALUES (191,6,2);
INSERT INTO platospedidos VALUES (1,3,3);
INSERT INTO platospedidos VALUES (3,6,4);
INSERT INTO platospedidos VALUES (4,7,3);
INSERT INTO platospedidos VALUES (12,5,1);
INSERT INTO platospedidos VALUES (27,4,4);
INSERT INTO platospedidos VALUES (28,8,4);
INSERT INTO platospedidos VALUES (59,4,1);
INSERT INTO platospedidos VALUES (60,6,1);
INSERT INTO platospedidos VALUES (61,5,3);
INSERT INTO platospedidos VALUES (72,2,2);
INSERT INTO platospedidos VALUES (73,3,4);
INSERT INTO platospedidos VALUES (85,6,2);
INSERT INTO platospedidos VALUES (86,8,3);
INSERT INTO platospedidos VALUES (93,8,3);
INSERT INTO platospedidos VALUES (104,6,4);
INSERT INTO platospedidos VALUES (105,5,2);
INSERT INTO platospedidos VALUES (114,2,3);
INSERT INTO platospedidos VALUES (115,8,3);
INSERT INTO platospedidos VALUES (124,5,2);
INSERT INTO platospedidos VALUES (125,7,4);
INSERT INTO platospedidos VALUES (126,2,2);
INSERT INTO platospedidos VALUES (138,3,2);
INSERT INTO platospedidos VALUES (150,5,2);
INSERT INTO platospedidos VALUES (151,5,4);
INSERT INTO platospedidos VALUES (158,7,1);
INSERT INTO platospedidos VALUES (169,6,3);
INSERT INTO platospedidos VALUES (170,6,4);
INSERT INTO platospedidos VALUES (179,8,1);
INSERT INTO platospedidos VALUES (180,7,3);
INSERT INTO platospedidos VALUES (189,5,1);
INSERT INTO platospedidos VALUES (190,1,2);
INSERT INTO platospedidos VALUES (191,8,2);
INSERT INTO platospedidos VALUES (1,4,4);
INSERT INTO platospedidos VALUES (3,8,4);
INSERT INTO platospedidos VALUES (4,6,4);
INSERT INTO platospedidos VALUES (12,4,3);
INSERT INTO platospedidos VALUES (28,6,1);
INSERT INTO platospedidos VALUES (40,5,3);
INSERT INTO platospedidos VALUES (49,6,2);
INSERT INTO platospedidos VALUES (50,4,3);
INSERT INTO platospedidos VALUES (60,1,4);
INSERT INTO platospedidos VALUES (61,8,1);
INSERT INTO platospedidos VALUES (72,8,4);
INSERT INTO platospedidos VALUES (73,7,3);
INSERT INTO platospedidos VALUES (85,2,4);
INSERT INTO platospedidos VALUES (86,1,1);
INSERT INTO platospedidos VALUES (93,2,4);
INSERT INTO platospedidos VALUES (2,13,1);
INSERT INTO platospedidos VALUES (5,29,1);
INSERT INTO platospedidos VALUES (10,13,1);
INSERT INTO platospedidos VALUES (11,18,2);
INSERT INTO platospedidos VALUES (20,13,3);
INSERT INTO platospedidos VALUES (25,17,4);
INSERT INTO platospedidos VALUES (26,22,3);
INSERT INTO platospedidos VALUES (37,23,2);
INSERT INTO platospedidos VALUES (38,19,1);
INSERT INTO platospedidos VALUES (39,28,6);
INSERT INTO platospedidos VALUES (47,11,3);
INSERT INTO platospedidos VALUES (48,24,1);
INSERT INTO platospedidos VALUES (51,20,1);
INSERT INTO platospedidos VALUES (57,18,2);
INSERT INTO platospedidos VALUES (58,26,1);
INSERT INTO platospedidos VALUES (70,19,1);
INSERT INTO platospedidos VALUES (71,25,1);
INSERT INTO platospedidos VALUES (74,23,1);
INSERT INTO platospedidos VALUES (83,13,1);
INSERT INTO platospedidos VALUES (84,11,1);
INSERT INTO platospedidos VALUES (89,19,6);
INSERT INTO platospedidos VALUES (92,20,2);
INSERT INTO platospedidos VALUES (94,16,2);
INSERT INTO platospedidos VALUES (102,19,4);
INSERT INTO platospedidos VALUES (103,11,12);
INSERT INTO platospedidos VALUES (106,23,1);
INSERT INTO platospedidos VALUES (112,10,1);
INSERT INTO platospedidos VALUES (113,26,1);
INSERT INTO platospedidos VALUES (116,25,3);
INSERT INTO platospedidos VALUES (122,15,4);
INSERT INTO platospedidos VALUES (123,28,4);
INSERT INTO platospedidos VALUES (135,10,4);
INSERT INTO platospedidos VALUES (136,27,5);
INSERT INTO platospedidos VALUES (139,28,1);
INSERT INTO platospedidos VALUES (148,17,1);
INSERT INTO platospedidos VALUES (149,21,4);
INSERT INTO platospedidos VALUES (154,16,1);
INSERT INTO platospedidos VALUES (157,16,1);
INSERT INTO platospedidos VALUES (159,12,1);
INSERT INTO platospedidos VALUES (167,12,1);
INSERT INTO platospedidos VALUES (168,28,1);
INSERT INTO platospedidos VALUES (171,24,1);
INSERT INTO platospedidos VALUES (177,18,1);
INSERT INTO platospedidos VALUES (178,14,1);
INSERT INTO platospedidos VALUES (181,18,1);
INSERT INTO platospedidos VALUES (187,26,1);
INSERT INTO platospedidos VALUES (188,25,2);
INSERT INTO platospedidos VALUES (2,18,1);
INSERT INTO platospedidos VALUES (5,18,1);
INSERT INTO platospedidos VALUES (10,18,1);
INSERT INTO platospedidos VALUES (25,11,4);
INSERT INTO platospedidos VALUES (26,13,1);
INSERT INTO platospedidos VALUES (37,9,12);
INSERT INTO platospedidos VALUES (38,17,2);
INSERT INTO platospedidos VALUES (39,12,2);
INSERT INTO platospedidos VALUES (47,21,2);
INSERT INTO platospedidos VALUES (48,23,2);
INSERT INTO platospedidos VALUES (51,19,2);
INSERT INTO platospedidos VALUES (57,26,1);
INSERT INTO platospedidos VALUES (58,20,1);
INSERT INTO platospedidos VALUES (70,17,3);
INSERT INTO platospedidos VALUES (71,27,1);
INSERT INTO platospedidos VALUES (74,27,3);
INSERT INTO platospedidos VALUES (83,26,3);
INSERT INTO platospedidos VALUES (84,25,3);
INSERT INTO platospedidos VALUES (89,28,2);
INSERT INTO platospedidos VALUES (92,21,2);
INSERT INTO platospedidos VALUES (94,13,2);
INSERT INTO platospedidos VALUES (102,26,3);
INSERT INTO platospedidos VALUES (103,21,2);
INSERT INTO platospedidos VALUES (106,14,4);
INSERT INTO platospedidos VALUES (112,13,3);
INSERT INTO platospedidos VALUES (113,10,4);
INSERT INTO platospedidos VALUES (116,18,3);
INSERT INTO platospedidos VALUES (122,25,4);
INSERT INTO platospedidos VALUES (123,15,2);
INSERT INTO platospedidos VALUES (135,27,1);
INSERT INTO platospedidos VALUES (136,23,1);
INSERT INTO platospedidos VALUES (139,18,1);
INSERT INTO platospedidos VALUES (148,25,1);
INSERT INTO platospedidos VALUES (149,11,1);
INSERT INTO platospedidos VALUES (154,21,1);
INSERT INTO platospedidos VALUES (157,15,1);
INSERT INTO platospedidos VALUES (159,9,2);
INSERT INTO platospedidos VALUES (167,26,3);
INSERT INTO platospedidos VALUES (168,14,4);
INSERT INTO platospedidos VALUES (171,23,3);
INSERT INTO platospedidos VALUES (177,17,2);
INSERT INTO platospedidos VALUES (178,11,1);
INSERT INTO platospedidos VALUES (181,23,6);
INSERT INTO platospedidos VALUES (187,9,3);
INSERT INTO platospedidos VALUES (188,12,1);
INSERT INTO platospedidos VALUES (2,14,1);
INSERT INTO platospedidos VALUES (10,12,1);
INSERT INTO platospedidos VALUES (11,12,1);
INSERT INTO platospedidos VALUES (20,15,1);
INSERT INTO platospedidos VALUES (25,20,1);
INSERT INTO platospedidos VALUES (26,24,1);
INSERT INTO platospedidos VALUES (37,29,1);
INSERT INTO platospedidos VALUES (38,13,6);
INSERT INTO platospedidos VALUES (39,19,2);
INSERT INTO platospedidos VALUES (48,21,1);
INSERT INTO platospedidos VALUES (51,27,12);
INSERT INTO platospedidos VALUES (57,13,1);
INSERT INTO platospedidos VALUES (58,21,1);
INSERT INTO platospedidos VALUES (70,28,1);
INSERT INTO platospedidos VALUES (71,20,3);
INSERT INTO platospedidos VALUES (74,29,4);
INSERT INTO platospedidos VALUES (83,29,3);
INSERT INTO platospedidos VALUES (84,15,4);
INSERT INTO platospedidos VALUES (89,27,5);
INSERT INTO platospedidos VALUES (92,19,1);
INSERT INTO platospedidos VALUES (94,10,1);
INSERT INTO platospedidos VALUES (102,9,4);
INSERT INTO platospedidos VALUES (103,25,1);
INSERT INTO platospedidos VALUES (106,21,1);
INSERT INTO platospedidos VALUES (112,14,1);
INSERT INTO platospedidos VALUES (113,23,1);
INSERT INTO platospedidos VALUES (116,10,1);
INSERT INTO platospedidos VALUES (122,28,2);
INSERT INTO platospedidos VALUES (135,18,1);
INSERT INTO platospedidos VALUES (136,16,3);
INSERT INTO platospedidos VALUES (148,21,1);
INSERT INTO platospedidos VALUES (149,24,1);
INSERT INTO platospedidos VALUES (154,10,1);
INSERT INTO platospedidos VALUES (157,27,2);
INSERT INTO platospedidos VALUES (159,19,3);
INSERT INTO platospedidos VALUES (167,25,4);
INSERT INTO platospedidos VALUES (168,22,3);
INSERT INTO platospedidos VALUES (171,15,2);
INSERT INTO platospedidos VALUES (177,19,1);
INSERT INTO platospedidos VALUES (178,15,6);
INSERT INTO platospedidos VALUES (181,25,3);
INSERT INTO platospedidos VALUES (187,20,1);
INSERT INTO platospedidos VALUES (188,13,1);
INSERT INTO platospedidos VALUES (2,12,2);
INSERT INTO platospedidos VALUES (5,27,1);
INSERT INTO platospedidos VALUES (10,25,1);
INSERT INTO platospedidos VALUES (11,29,1);
INSERT INTO platospedidos VALUES (20,22,1);
INSERT INTO platospedidos VALUES (26,11,1);
INSERT INTO platospedidos VALUES (8,39,6);
INSERT INTO platospedidos VALUES (9,37,2);
INSERT INTO platospedidos VALUES (19,43,2);
INSERT INTO platospedidos VALUES (21,79,2);
INSERT INTO platospedidos VALUES (24,80,8);
INSERT INTO platospedidos VALUES (29,79,1);
INSERT INTO platospedidos VALUES (34,71,1);
INSERT INTO platospedidos VALUES (36,39,3);
INSERT INTO platospedidos VALUES (41,71,4);
INSERT INTO platospedidos VALUES (46,78,1);
INSERT INTO platospedidos VALUES (55,43,4);
INSERT INTO platospedidos VALUES (56,78,5);
INSERT INTO platospedidos VALUES (62,58,4);
INSERT INTO platospedidos VALUES (68,43,1);
INSERT INTO platospedidos VALUES (69,57,2);
INSERT INTO platospedidos VALUES (75,36,1);
INSERT INTO platospedidos VALUES (80,34,1);
INSERT INTO platospedidos VALUES (81,44,1);
INSERT INTO platospedidos VALUES (82,67,1);
INSERT INTO platospedidos VALUES (88,76,1);
INSERT INTO platospedidos VALUES (91,62,2);
INSERT INTO platospedidos VALUES (95,38,1);
INSERT INTO platospedidos VALUES (96,61,1);
INSERT INTO platospedidos VALUES (100,49,2);
INSERT INTO platospedidos VALUES (101,60,1);
INSERT INTO platospedidos VALUES (107,71,1);
INSERT INTO platospedidos VALUES (111,74,1);
INSERT INTO platospedidos VALUES (120,67,1);
INSERT INTO platospedidos VALUES (121,53,1);
INSERT INTO platospedidos VALUES (127,38,1);
INSERT INTO platospedidos VALUES (133,32,6);
INSERT INTO platospedidos VALUES (134,80,2);
INSERT INTO platospedidos VALUES (140,53,2);
INSERT INTO platospedidos VALUES (145,67,4);
INSERT INTO platospedidos VALUES (146,59,8);
INSERT INTO platospedidos VALUES (147,45,1);
INSERT INTO platospedidos VALUES (153,56,1);
INSERT INTO platospedidos VALUES (156,75,1);
INSERT INTO platospedidos VALUES (160,46,3);
INSERT INTO platospedidos VALUES (161,36,4);
INSERT INTO platospedidos VALUES (165,72,2);
INSERT INTO platospedidos VALUES (166,31,4);
INSERT INTO platospedidos VALUES (172,49,5);
INSERT INTO platospedidos VALUES (176,76,4);
INSERT INTO platospedidos VALUES (185,55,1);
INSERT INTO platospedidos VALUES (186,75,3);
INSERT INTO platospedidos VALUES (192,73,1);
INSERT INTO platospedidos VALUES (198,51,1);
INSERT INTO platospedidos VALUES (199,39,1);
INSERT INTO platospedidos VALUES (8,47,1);
INSERT INTO platospedidos VALUES (9,38,1);
INSERT INTO platospedidos VALUES (19,61,1);
INSERT INTO platospedidos VALUES (21,33,1);
INSERT INTO platospedidos VALUES (24,69,1);
INSERT INTO platospedidos VALUES (29,70,2);
INSERT INTO platospedidos VALUES (34,51,1);
INSERT INTO platospedidos VALUES (35,58,1);
INSERT INTO platospedidos VALUES (36,30,1);
INSERT INTO platospedidos VALUES (41,80,1);
INSERT INTO platospedidos VALUES (46,50,1);
INSERT INTO platospedidos VALUES (55,38,1);
INSERT INTO platospedidos VALUES (56,33,6);
INSERT INTO platospedidos VALUES (62,55,2);
INSERT INTO platospedidos VALUES (68,59,2);
INSERT INTO platospedidos VALUES (69,33,2);
INSERT INTO platospedidos VALUES (75,65,8);
INSERT INTO platospedidos VALUES (80,64,1);
INSERT INTO platospedidos VALUES (81,79,1);
INSERT INTO platospedidos VALUES (82,78,1);
INSERT INTO platospedidos VALUES (88,72,3);
INSERT INTO platospedidos VALUES (91,69,4);
INSERT INTO platospedidos VALUES (95,70,3);
INSERT INTO platospedidos VALUES (96,75,4);
INSERT INTO platospedidos VALUES (100,52,5);
INSERT INTO platospedidos VALUES (101,61,3);
INSERT INTO platospedidos VALUES (107,66,1);
INSERT INTO platospedidos VALUES (111,66,3);
INSERT INTO platospedidos VALUES (121,33,1);
INSERT INTO platospedidos VALUES (127,75,1);
INSERT INTO platospedidos VALUES (133,36,1);
INSERT INTO platospedidos VALUES (134,73,1);
INSERT INTO platospedidos VALUES (145,61,1);
INSERT INTO platospedidos VALUES (146,57,1);
INSERT INTO platospedidos VALUES (147,56,2);
INSERT INTO platospedidos VALUES (153,31,1);
INSERT INTO platospedidos VALUES (156,80,1);
INSERT INTO platospedidos VALUES (161,58,1);
INSERT INTO platospedidos VALUES (165,76,1);
INSERT INTO platospedidos VALUES (166,46,1);
INSERT INTO platospedidos VALUES (172,46,6);
INSERT INTO platospedidos VALUES (176,36,2);
INSERT INTO platospedidos VALUES (185,31,2);
INSERT INTO platospedidos VALUES (186,43,3);
INSERT INTO platospedidos VALUES (192,60,8);
INSERT INTO platospedidos VALUES (199,66,1);
INSERT INTO platospedidos VALUES (8,42,1);
INSERT INTO platospedidos VALUES (9,53,3);
INSERT INTO platospedidos VALUES (19,58,4);
INSERT INTO platospedidos VALUES (21,67,4);
INSERT INTO platospedidos VALUES (29,66,5);
INSERT INTO platospedidos VALUES (34,56,2);
INSERT INTO platospedidos VALUES (35,70,1);
INSERT INTO platospedidos VALUES (36,43,4);
INSERT INTO platospedidos VALUES (41,55,1);
INSERT INTO platospedidos VALUES (55,64,1);
INSERT INTO platospedidos VALUES (56,56,1);
INSERT INTO platospedidos VALUES (68,47,2);
INSERT INTO platospedidos VALUES (69,73,1);
INSERT INTO platospedidos VALUES (75,42,1);
INSERT INTO platospedidos VALUES (81,71,1);
INSERT INTO platospedidos VALUES (82,58,1);
INSERT INTO platospedidos VALUES (88,67,1);
INSERT INTO platospedidos VALUES (91,46,1);
INSERT INTO platospedidos VALUES (95,44,1);
INSERT INTO platospedidos VALUES (96,68,1);
INSERT INTO platospedidos VALUES (100,73,6);
INSERT INTO platospedidos VALUES (101,32,2);
INSERT INTO platospedidos VALUES (107,36,2);
INSERT INTO platospedidos VALUES (111,62,1);
INSERT INTO platospedidos VALUES (120,33,8);
INSERT INTO platospedidos VALUES (121,69,1);
INSERT INTO platospedidos VALUES (127,59,1);
INSERT INTO platospedidos VALUES (133,80,1);
INSERT INTO platospedidos VALUES (134,65,3);
INSERT INTO platospedidos VALUES (140,73,4);
INSERT INTO platospedidos VALUES (145,48,2);
INSERT INTO platospedidos VALUES (146,42,4);
INSERT INTO platospedidos VALUES (147,41,5);
INSERT INTO platospedidos VALUES (153,52,1);
INSERT INTO platospedidos VALUES (156,64,1);
INSERT INTO platospedidos VALUES (160,65,3);
INSERT INTO platospedidos VALUES (161,57,1);
INSERT INTO platospedidos VALUES (165,54,1);
INSERT INTO platospedidos VALUES (166,63,1);
INSERT INTO platospedidos VALUES (172,74,1);
INSERT INTO platospedidos VALUES (176,35,1);
INSERT INTO platospedidos VALUES (185,77,1);
INSERT INTO platospedidos VALUES (186,33,1);
INSERT INTO platospedidos VALUES (192,36,1);
INSERT INTO platospedidos VALUES (198,60,2);
INSERT INTO platospedidos VALUES (199,69,1);
INSERT INTO platospedidos VALUES (8,31,1);
INSERT INTO platospedidos VALUES (9,63,1);
INSERT INTO platospedidos VALUES (19,54,1);
INSERT INTO platospedidos VALUES (21,78,1);
INSERT INTO platospedidos VALUES (24,78,1);
INSERT INTO platospedidos VALUES (29,55,6);
INSERT INTO platospedidos VALUES (34,38,2);
INSERT INTO platospedidos VALUES (35,71,2);
INSERT INTO platospedidos VALUES (36,58,1);
INSERT INTO platospedidos VALUES (41,66,8);
INSERT INTO platospedidos VALUES (46,68,1);
INSERT INTO platospedidos VALUES (55,48,1);
INSERT INTO platospedidos VALUES (56,68,1);
INSERT INTO platospedidos VALUES (62,53,3);
INSERT INTO platospedidos VALUES (68,66,4);
INSERT INTO platospedidos VALUES (69,53,3);
INSERT INTO platospedidos VALUES (75,79,4);
INSERT INTO platospedidos VALUES (80,48,5);
INSERT INTO platospedidos VALUES (81,55,2);
INSERT INTO platospedidos VALUES (88,64,2);
INSERT INTO platospedidos VALUES (91,39,1);
INSERT INTO platospedidos VALUES (95,34,1);
INSERT INTO platospedidos VALUES (96,77,1);
INSERT INTO platospedidos VALUES (100,65,1);
INSERT INTO platospedidos VALUES (101,50,1);
INSERT INTO platospedidos VALUES (107,72,3);
INSERT INTO platospedidos VALUES (111,47,1);
INSERT INTO platospedidos VALUES (120,38,1);
INSERT INTO platospedidos VALUES (121,42,2);
INSERT INTO platospedidos VALUES (127,64,1);
INSERT INTO platospedidos VALUES (133,57,1);
INSERT INTO platospedidos VALUES (134,48,1);
INSERT INTO platospedidos VALUES (140,72,1);
INSERT INTO platospedidos VALUES (145,54,1);
INSERT INTO platospedidos VALUES (146,31,1);
INSERT INTO platospedidos VALUES (147,35,6);
INSERT INTO platospedidos VALUES (153,67,2);
INSERT INTO platospedidos VALUES (156,67,2);
INSERT INTO platospedidos VALUES (160,45,1);
INSERT INTO platospedidos VALUES (161,41,8);
INSERT INTO platospedidos VALUES (165,63,1);
INSERT INTO platospedidos VALUES (166,68,1);
INSERT INTO platospedidos VALUES (172,44,1);
INSERT INTO platospedidos VALUES (176,58,3);
INSERT INTO platospedidos VALUES (185,75,4);
INSERT INTO platospedidos VALUES (186,62,4);
INSERT INTO platospedidos VALUES (192,55,4);
INSERT INTO platospedidos VALUES (198,72,5);
INSERT INTO platospedidos VALUES (199,76,3);
INSERT INTO platospedidos VALUES (8,81,1);
INSERT INTO platospedidos VALUES (9,45,3);
INSERT INTO platospedidos VALUES (21,60,1);
INSERT INTO platospedidos VALUES (24,31,1);
INSERT INTO platospedidos VALUES (29,45,1);
INSERT INTO platospedidos VALUES (34,64,1);
INSERT INTO platospedidos VALUES (35,65,3);
INSERT INTO platospedidos VALUES (36,72,1);
INSERT INTO platospedidos VALUES (41,81,1);
INSERT INTO platospedidos VALUES (6,100,1);
INSERT INTO platospedidos VALUES (13,122,1);
INSERT INTO platospedidos VALUES (18,94,1);
INSERT INTO platospedidos VALUES (22,127,4);
INSERT INTO platospedidos VALUES (30,108,1);
INSERT INTO platospedidos VALUES (33,89,1);
INSERT INTO platospedidos VALUES (42,83,2);
INSERT INTO platospedidos VALUES (44,95,1);
INSERT INTO platospedidos VALUES (45,121,1);
INSERT INTO platospedidos VALUES (52,118,1);
INSERT INTO platospedidos VALUES (54,106,1);
INSERT INTO platospedidos VALUES (76,104,6);
INSERT INTO platospedidos VALUES (77,117,2);
INSERT INTO platospedidos VALUES (79,83,2);
INSERT INTO platospedidos VALUES (87,116,1);
INSERT INTO platospedidos VALUES (97,88,8);
INSERT INTO platospedidos VALUES (109,88,1);
INSERT INTO platospedidos VALUES (110,108,1);
INSERT INTO platospedidos VALUES (117,127,1);
INSERT INTO platospedidos VALUES (119,101,3);
INSERT INTO platospedidos VALUES (128,105,4);
INSERT INTO platospedidos VALUES (132,109,1);
INSERT INTO platospedidos VALUES (141,119,4);
INSERT INTO platospedidos VALUES (142,103,5);
INSERT INTO platospedidos VALUES (144,130,3);
INSERT INTO platospedidos VALUES (152,96,1);
INSERT INTO platospedidos VALUES (162,104,3);
INSERT INTO platospedidos VALUES (174,86,1);
INSERT INTO platospedidos VALUES (175,100,1);
INSERT INTO platospedidos VALUES (182,94,1);
INSERT INTO platospedidos VALUES (184,123,1);
INSERT INTO platospedidos VALUES (193,97,1);
INSERT INTO platospedidos VALUES (197,118,1);
INSERT INTO platospedidos VALUES (6,122,1);
INSERT INTO platospedidos VALUES (13,100,1);
INSERT INTO platospedidos VALUES (18,129,1);
INSERT INTO platospedidos VALUES (22,92,1);
INSERT INTO platospedidos VALUES (30,97,1);
INSERT INTO platospedidos VALUES (33,128,1);
INSERT INTO platospedidos VALUES (42,116,1);
INSERT INTO platospedidos VALUES (44,126,1);
INSERT INTO platospedidos VALUES (45,110,2);
INSERT INTO platospedidos VALUES (52,124,1);
INSERT INTO platospedidos VALUES (54,116,1);
INSERT INTO platospedidos VALUES (63,87,1);
INSERT INTO platospedidos VALUES (67,94,1);
INSERT INTO platospedidos VALUES (76,131,1);
INSERT INTO platospedidos VALUES (77,118,1);
INSERT INTO platospedidos VALUES (79,113,6);
INSERT INTO platospedidos VALUES (87,101,2);
INSERT INTO platospedidos VALUES (97,103,2);
INSERT INTO platospedidos VALUES (109,99,2);
INSERT INTO platospedidos VALUES (110,115,8);
INSERT INTO platospedidos VALUES (117,108,1);
INSERT INTO platospedidos VALUES (119,130,1);
INSERT INTO platospedidos VALUES (128,93,1);
INSERT INTO platospedidos VALUES (132,108,3);
INSERT INTO platospedidos VALUES (141,116,4);
INSERT INTO platospedidos VALUES (142,95,1);
INSERT INTO platospedidos VALUES (144,103,4);
INSERT INTO platospedidos VALUES (152,86,5);
INSERT INTO platospedidos VALUES (162,82,3);
INSERT INTO platospedidos VALUES (174,89,1);
INSERT INTO platospedidos VALUES (175,87,4);
INSERT INTO platospedidos VALUES (182,95,1);
INSERT INTO platospedidos VALUES (184,89,1);
INSERT INTO platospedidos VALUES (193,83,1);
INSERT INTO platospedidos VALUES (197,111,1);
INSERT INTO platospedidos VALUES (6,84,1);
INSERT INTO platospedidos VALUES (13,102,1);
INSERT INTO platospedidos VALUES (18,100,1);
INSERT INTO platospedidos VALUES (22,94,1);
INSERT INTO platospedidos VALUES (30,111,1);
INSERT INTO platospedidos VALUES (33,110,1);
INSERT INTO platospedidos VALUES (42,94,1);
INSERT INTO platospedidos VALUES (44,115,1);
INSERT INTO platospedidos VALUES (45,84,1);
INSERT INTO platospedidos VALUES (52,113,1);
INSERT INTO platospedidos VALUES (54,127,2);
INSERT INTO platospedidos VALUES (63,122,1);
INSERT INTO platospedidos VALUES (67,87,1);
INSERT INTO platospedidos VALUES (76,85,1);
INSERT INTO platospedidos VALUES (77,131,1);
INSERT INTO platospedidos VALUES (79,122,1);
INSERT INTO platospedidos VALUES (87,129,1);
INSERT INTO platospedidos VALUES (97,91,6);
INSERT INTO platospedidos VALUES (109,87,2);
INSERT INTO platospedidos VALUES (110,118,2);
INSERT INTO platospedidos VALUES (117,121,1);
INSERT INTO platospedidos VALUES (119,126,8);
INSERT INTO platospedidos VALUES (128,114,1);
INSERT INTO platospedidos VALUES (132,123,1);
INSERT INTO platospedidos VALUES (141,102,1);
INSERT INTO platospedidos VALUES (142,87,3);
INSERT INTO platospedidos VALUES (144,117,4);
INSERT INTO platospedidos VALUES (152,85,2);
INSERT INTO platospedidos VALUES (162,91,4);
INSERT INTO platospedidos VALUES (174,113,5);
INSERT INTO platospedidos VALUES (175,125,4);
INSERT INTO platospedidos VALUES (182,114,1);
INSERT INTO platospedidos VALUES (184,118,4);
INSERT INTO platospedidos VALUES (193,96,1);
INSERT INTO platospedidos VALUES (197,130,1);
INSERT INTO platospedidos VALUES (6,98,1);
INSERT INTO platospedidos VALUES (18,108,1);
INSERT INTO platospedidos VALUES (22,114,4);
INSERT INTO platospedidos VALUES (30,126,1);
INSERT INTO platospedidos VALUES (33,105,1);
INSERT INTO platospedidos VALUES (42,89,1);
INSERT INTO platospedidos VALUES (44,117,1);
INSERT INTO platospedidos VALUES (45,85,1);
INSERT INTO platospedidos VALUES (52,90,1);
INSERT INTO platospedidos VALUES (54,88,1);
INSERT INTO platospedidos VALUES (63,129,1);
INSERT INTO platospedidos VALUES (67,131,2);
INSERT INTO platospedidos VALUES (76,94,1);
INSERT INTO platospedidos VALUES (7,151,1);
INSERT INTO platospedidos VALUES (14,153,1);
INSERT INTO platospedidos VALUES (15,137,1);
INSERT INTO platospedidos VALUES (16,138,1);
INSERT INTO platospedidos VALUES (17,143,1);
INSERT INTO platospedidos VALUES (23,147,6);
INSERT INTO platospedidos VALUES (31,152,2);
INSERT INTO platospedidos VALUES (32,139,2);
INSERT INTO platospedidos VALUES (43,135,4);
INSERT INTO platospedidos VALUES (53,140,8);
INSERT INTO platospedidos VALUES (64,134,1);
INSERT INTO platospedidos VALUES (65,149,1);
INSERT INTO platospedidos VALUES (66,146,1);
INSERT INTO platospedidos VALUES (78,142,3);
INSERT INTO platospedidos VALUES (90,139,4);
INSERT INTO platospedidos VALUES (98,139,3);
INSERT INTO platospedidos VALUES (99,135,4);
INSERT INTO platospedidos VALUES (108,156,5);
INSERT INTO platospedidos VALUES (118,134,2);
INSERT INTO platospedidos VALUES (129,153,1);
INSERT INTO platospedidos VALUES (130,134,4);
INSERT INTO platospedidos VALUES (131,138,1);
INSERT INTO platospedidos VALUES (143,149,1);
INSERT INTO platospedidos VALUES (155,143,1);
INSERT INTO platospedidos VALUES (163,139,1);
INSERT INTO platospedidos VALUES (164,143,1);
INSERT INTO platospedidos VALUES (173,138,1);
INSERT INTO platospedidos VALUES (183,140,1);
INSERT INTO platospedidos VALUES (194,137,1);
INSERT INTO platospedidos VALUES (195,132,1);
INSERT INTO platospedidos VALUES (196,142,1);
INSERT INTO platospedidos VALUES (7,140,1);
INSERT INTO platospedidos VALUES (14,145,1);
INSERT INTO platospedidos VALUES (15,151,1);
INSERT INTO platospedidos VALUES (16,140,1);
INSERT INTO platospedidos VALUES (17,153,6);
INSERT INTO platospedidos VALUES (23,132,2);
INSERT INTO platospedidos VALUES (31,135,2);
INSERT INTO platospedidos VALUES (32,146,3);
INSERT INTO platospedidos VALUES (43,141,8);
INSERT INTO platospedidos VALUES (53,144,1);
INSERT INTO platospedidos VALUES (64,132,1);
INSERT INTO platospedidos VALUES (65,141,1);
INSERT INTO platospedidos VALUES (66,150,3);
INSERT INTO platospedidos VALUES (78,134,4);
INSERT INTO platospedidos VALUES (90,147,1);
INSERT INTO platospedidos VALUES (98,154,4);
INSERT INTO platospedidos VALUES (99,139,5);
INSERT INTO platospedidos VALUES (108,133,2);
INSERT INTO platospedidos VALUES (118,151,1);
INSERT INTO platospedidos VALUES (129,139,4);
INSERT INTO platospedidos VALUES (130,149,1);
INSERT INTO platospedidos VALUES (131,141,1);
INSERT INTO platospedidos VALUES (143,134,1);
INSERT INTO platospedidos VALUES (155,137,1);
INSERT INTO platospedidos VALUES (163,155,1);
INSERT INTO platospedidos VALUES (164,152,3);
INSERT INTO platospedidos VALUES (173,147,1);
INSERT INTO platospedidos VALUES (183,147,1);
INSERT INTO platospedidos VALUES (194,144,1);
INSERT INTO platospedidos VALUES (195,154,1);
INSERT INTO platospedidos VALUES (196,138,1);
INSERT INTO platospedidos VALUES (7,156,1);
INSERT INTO platospedidos VALUES (14,136,1);
INSERT INTO platospedidos VALUES (15,149,1);
INSERT INTO platospedidos VALUES (16,143,6);
INSERT INTO platospedidos VALUES (17,152,2);
INSERT INTO platospedidos VALUES (23,143,2);
INSERT INTO platospedidos VALUES (31,140,2);
INSERT INTO platospedidos VALUES (32,149,8);
INSERT INTO platospedidos VALUES (43,144,1);
INSERT INTO platospedidos VALUES (53,135,1);
INSERT INTO platospedidos VALUES (64,145,1);
INSERT INTO platospedidos VALUES (65,135,3);
INSERT INTO platospedidos VALUES (66,138,4);
INSERT INTO platospedidos VALUES (78,136,4);
INSERT INTO platospedidos VALUES (90,148,4);
INSERT INTO platospedidos VALUES (98,138,5);
INSERT INTO platospedidos VALUES (99,153,3);
INSERT INTO platospedidos VALUES (118,142,3);
INSERT INTO platospedidos VALUES (129,147,1);
INSERT INTO platospedidos VALUES (130,150,1);
INSERT INTO platospedidos VALUES (131,133,1);
INSERT INTO platospedidos VALUES (143,146,1);
INSERT INTO platospedidos VALUES (163,147,2);
INSERT INTO platospedidos VALUES (164,144,1);
INSERT INTO platospedidos VALUES (173,148,1);
INSERT INTO platospedidos VALUES (183,150,1);
INSERT INTO platospedidos VALUES (194,153,2);
INSERT INTO platospedidos VALUES (195,153,1);
INSERT INTO platospedidos VALUES (196,144,1);


